file	sample	sample_name	condition	replicate
D:\Data\PanCancer\Raw_panFFPE\Glioma\05058_P056472_15SPD_FMS-30-40-50-60-70_R1.raw	P056472_1	P056472_1	P056472	1
D:\Data\PanCancer\Raw_panFFPE\Glioma\05058_P056472_15SPD_FMS-35-45-55-65-75_R1.raw	P056472_1	P056472_1	P056472	1
D:\Data\PanCancer\Raw_panFFPE\Glioma\05058_P056473_15SPD_FMS-30-40-50-60-70_R1.raw	P056473_2	P056473_2	P056473	2
D:\Data\PanCancer\Raw_panFFPE\Glioma\05058_P056473_15SPD_FMS-35-45-55-65-75_R1.raw	P056473_2	P056473_2	P056473	2
D:\Data\PanCancer\Raw_panFFPE\Glioma\05058_P056474_15SPD_FMS-30-40-50-60-70_R1.raw	P056474_3	P056474_3	P056474	3
D:\Data\PanCancer\Raw_panFFPE\Glioma\05058_P056474_15SPD_FMS-35-45-55-65-75_R1.raw	P056474_3	P056474_3	P056474	3
D:\Data\PanCancer\Raw_panFFPE\Glioma\05058_P056475_15SPD_FMS-30-40-50-60-70_R1.raw	P056475_4	P056475_4	P056475	4
D:\Data\PanCancer\Raw_panFFPE\Glioma\05058_P056475_15SPD_FMS-35-45-55-65-75_R1.raw	P056475_4	P056475_4	P056475	4
D:\Data\PanCancer\Raw_panFFPE\Glioma\05058_P056476_15SPD_FMS-30-40-50-60-70_R1.raw	P056476_5	P056476_5	P056476	5
D:\Data\PanCancer\Raw_panFFPE\Glioma\05058_P056476_15SPD_FMS-35-45-55-65-75_R1.raw	P056476_5	P056476_5	P056476	5
D:\Data\PanCancer\Raw_panFFPE\Glioma\05058_P056477_15SPD_FMS-30-40-50-60-70_R1.raw	P056477_6	P056477_6	P056477	6
D:\Data\PanCancer\Raw_panFFPE\Glioma\05058_P056477_15SPD_FMS-35-45-55-65-75_R1.raw	P056477_6	P056477_6	P056477	6
D:\Data\PanCancer\Raw_panFFPE\Glioma\05058_P056478_15SPD_FMS-30-40-50-60-70_R1.raw	P056478_7	P056478_7	P056478	7
D:\Data\PanCancer\Raw_panFFPE\Glioma\05058_P056478_15SPD_FMS-35-45-55-65-75_R1.raw	P056478_7	P056478_7	P056478	7
D:\Data\PanCancer\Raw_panFFPE\Glioma\05058_P056479_15SPD_FMS-30-40-50-60-70_R1.raw	P056479_8	P056479_8	P056479	8
D:\Data\PanCancer\Raw_panFFPE\Glioma\05058_P056479_15SPD_FMS-35-45-55-65-75_R1.raw	P056479_8	P056479_8	P056479	8
D:\Data\PanCancer\Raw_panFFPE\Glioma\05058_P056480_15SPD_FMS-30-40-50-60-70_R1.raw	P056480_9	P056480_9	P056480	9
D:\Data\PanCancer\Raw_panFFPE\Glioma\05058_P056480_15SPD_FMS-35-45-55-65-75_R1.raw	P056480_9	P056480_9	P056480	9
D:\Data\PanCancer\Raw_panFFPE\Glioma\05058_P056481_15SPD_FMS-30-40-50-60-70_R1.raw	P056481_10	P056481_10	P056481	10
D:\Data\PanCancer\Raw_panFFPE\Glioma\05058_P056481_15SPD_FMS-35-45-55-65-75_R1.raw	P056481_10	P056481_10	P056481	10
D:\Data\PanCancer\Raw_panFFPE\Glioma\05058_P056483_15SPD_FMS-30-40-50-60-70_R1.raw	P056483_11	P056483_11	P056483	11
D:\Data\PanCancer\Raw_panFFPE\Glioma\05058_P056483_15SPD_FMS-35-45-55-65-75_R1.raw	P056483_11	P056483_11	P056483	11
D:\Data\PanCancer\Raw_panFFPE\Glioma\05058_P056485_15SPD_FMS-30-40-50-60-70_R1.raw	P056485_12	P056485_12	P056485	12
D:\Data\PanCancer\Raw_panFFPE\Glioma\05058_P056485_15SPD_FMS-35-45-55-65-75_R1.raw	P056485_12	P056485_12	P056485	12
D:\Data\PanCancer\Raw_panFFPE\Glioma\05058_P056486_15SPD_FMS-30-40-50-60-70_R1.raw	P056486_13	P056486_13	P056486	13
D:\Data\PanCancer\Raw_panFFPE\Glioma\05058_P056486_15SPD_FMS-35-45-55-65-75_R1.raw	P056486_13	P056486_13	P056486	13
D:\Data\PanCancer\Raw_panFFPE\Glioma\05058_P056487_15SPD_FMS-30-40-50-60-70_R1.raw	P056487_14	P056487_14	P056487	14
D:\Data\PanCancer\Raw_panFFPE\Glioma\05058_P056487_15SPD_FMS-35-45-55-65-75_R1.raw	P056487_14	P056487_14	P056487	14
D:\Data\PanCancer\Raw_panFFPE\Glioma\05058_P056488_15SPD_FMS-30-40-50-60-70_R1.raw	P056488_15	P056488_15	P056488	15
D:\Data\PanCancer\Raw_panFFPE\Glioma\05058_P056488_15SPD_FMS-35-45-55-65-75_R1.raw	P056488_15	P056488_15	P056488	15
D:\Data\PanCancer\Raw_panFFPE\Glioma\05058_P056489_15SPD_FMS-30-40-50-60-70_R1.raw	P056489_16	P056489_16	P056489	16
D:\Data\PanCancer\Raw_panFFPE\Glioma\05058_P056489_15SPD_FMS-35-45-55-65-75_R1.raw	P056489_16	P056489_16	P056489	16
D:\Data\PanCancer\Raw_panFFPE\Glioma\05058_P056490_15SPD_FMS-30-40-50-60-70_R1.raw	P056490_17	P056490_17	P056490	17
D:\Data\PanCancer\Raw_panFFPE\Glioma\05058_P056490_15SPD_FMS-35-45-55-65-75_R1.raw	P056490_17	P056490_17	P056490	17
D:\Data\PanCancer\Raw_panFFPE\Glioma\05058_P056491_15SPD_FMS-30-40-50-60-70_R1.raw	P056491_18	P056491_18	P056491	18
D:\Data\PanCancer\Raw_panFFPE\Glioma\05058_P056491_15SPD_FMS-35-45-55-65-75_R1.raw	P056491_18	P056491_18	P056491	18
D:\Data\PanCancer\Raw_panFFPE\Glioma\05058_P056492_15SPD_FMS-30-40-50-60-70_R1.raw	P056492_19	P056492_19	P056492	19
D:\Data\PanCancer\Raw_panFFPE\Glioma\05058_P056492_15SPD_FMS-35-45-55-65-75_R1.raw	P056492_19	P056492_19	P056492	19
D:\Data\PanCancer\Raw_panFFPE\Glioma\05058_P056493_15SPD_FMS-30-40-50-60-70_R1.raw	P056493_20	P056493_20	P056493	20
D:\Data\PanCancer\Raw_panFFPE\Glioma\05058_P056493_15SPD_FMS-35-45-55-65-75_R1.raw	P056493_20	P056493_20	P056493	20
D:\Data\PanCancer\Raw_panFFPE\Glioma\05058_P056495_15SPD_FMS-30-40-50-60-70_R1.raw	P056495_21	P056495_21	P056495	21
D:\Data\PanCancer\Raw_panFFPE\Glioma\05058_P056495_15SPD_FMS-35-45-55-65-75_R1.raw	P056495_21	P056495_21	P056495	21
D:\Data\PanCancer\Raw_panFFPE\Glioma\05058_P056496_15SPD_FMS-30-40-50-60-70_R1.raw	P056496_22	P056496_22	P056496	22
D:\Data\PanCancer\Raw_panFFPE\Glioma\05058_P056496_15SPD_FMS-35-45-55-65-75_R1.raw	P056496_22	P056496_22	P056496	22
D:\Data\PanCancer\Raw_panFFPE\Glioma\05058_P056497_15SPD_FMS-30-40-50-60-70_R1.raw	P056497_23	P056497_23	P056497	23
D:\Data\PanCancer\Raw_panFFPE\Glioma\05058_P056497_15SPD_FMS-35-45-55-65-75_R1.raw	P056497_23	P056497_23	P056497	23
D:\Data\PanCancer\Raw_panFFPE\Glioma\05058_P056498_15SPD_FMS-30-40-50-60-70_R1.raw	P056498_24	P056498_24	P056498	24
D:\Data\PanCancer\Raw_panFFPE\Glioma\05058_P056498_15SPD_FMS-35-45-55-65-75_R1.raw	P056498_24	P056498_24	P056498	24
D:\Data\PanCancer\Raw_panFFPE\Glioma\05058_P056500_15SPD_FMS-30-40-50-60-70_R1.raw	P056500_25	P056500_25	P056500	25
D:\Data\PanCancer\Raw_panFFPE\Glioma\05058_P056500_15SPD_FMS-35-45-55-65-75_R1.raw	P056500_25	P056500_25	P056500	25
D:\Data\PanCancer\Raw_panFFPE\Glioma\05058_P056501_15SPD_FMS-30-40-50-60-70_R1.raw	P056501_26	P056501_26	P056501	26
D:\Data\PanCancer\Raw_panFFPE\Glioma\05058_P056501_15SPD_FMS-35-45-55-65-75_R1.raw	P056501_26	P056501_26	P056501	26
D:\Data\PanCancer\Raw_panFFPE\Glioma\05058_P056502_15SPD_FMS-30-40-50-60-70_R1.raw	P056502_27	P056502_27	P056502	27
D:\Data\PanCancer\Raw_panFFPE\Glioma\05058_P056502_15SPD_FMS-35-45-55-65-75_R1.raw	P056502_27	P056502_27	P056502	27
D:\Data\PanCancer\Raw_panFFPE\Glioma\05058_P056503_15SPD_FMS-30-40-50-60-70_R1.raw	P056503_28	P056503_28	P056503	28
D:\Data\PanCancer\Raw_panFFPE\Glioma\05058_P056503_15SPD_FMS-35-45-55-65-75_R1.raw	P056503_28	P056503_28	P056503	28
D:\Data\PanCancer\Raw_panFFPE\Glioma\05058_P056504_15SPD_FMS-30-40-50-60-70_R1.raw	P056504_29	P056504_29	P056504	29
D:\Data\PanCancer\Raw_panFFPE\Glioma\05058_P056504_15SPD_FMS-35-45-55-65-75_R1.raw	P056504_29	P056504_29	P056504	29
D:\Data\PanCancer\Raw_panFFPE\Glioma\05058_P056505_15SPD_FMS-30-40-50-60-70_R1.raw	P056505_30	P056505_30	P056505	30
D:\Data\PanCancer\Raw_panFFPE\Glioma\05058_P056505_15SPD_FMS-35-45-55-65-75_R1.raw	P056505_30	P056505_30	P056505	30
D:\Data\PanCancer\Raw_panFFPE\Glioma\05058_P056506_15SPD_FMS-30-40-50-60-70_R1.raw	P056506_31	P056506_31	P056506	31
D:\Data\PanCancer\Raw_panFFPE\Glioma\05058_P056506_15SPD_FMS-35-45-55-65-75_R1.raw	P056506_31	P056506_31	P056506	31
D:\Data\PanCancer\Raw_panFFPE\Glioma\05058_P056507_15SPD_FMS-30-40-50-60-70_R1.raw	P056507_32	P056507_32	P056507	32
D:\Data\PanCancer\Raw_panFFPE\Glioma\05058_P056507_15SPD_FMS-35-45-55-65-75_R1.raw	P056507_32	P056507_32	P056507	32
D:\Data\PanCancer\Raw_panFFPE\Glioma\05058_P056508_15SPD_FMS-30-40-50-60-70_R1.raw	P056508_33	P056508_33	P056508	33
D:\Data\PanCancer\Raw_panFFPE\Glioma\05058_P056508_15SPD_FMS-35-45-55-65-75_R1.raw	P056508_33	P056508_33	P056508	33
D:\Data\PanCancer\Raw_panFFPE\Glioma\05058_P056509_15SPD_FMS-30-40-50-60-70_R1.raw	P056509_34	P056509_34	P056509	34
D:\Data\PanCancer\Raw_panFFPE\Glioma\05058_P056509_15SPD_FMS-35-45-55-65-75_R1.raw	P056509_34	P056509_34	P056509	34
D:\Data\PanCancer\Raw_panFFPE\Glioma\05058_P056510_15SPD_FMS-30-40-50-60-70_R1.raw	P056510_35	P056510_35	P056510	35
D:\Data\PanCancer\Raw_panFFPE\Glioma\05058_P056510_15SPD_FMS-35-45-55-65-75_R1.raw	P056510_35	P056510_35	P056510	35
D:\Data\PanCancer\Raw_panFFPE\Glioma\05058_P056511_15SPD_FMS-30-40-50-60-70_R1.raw	P056511_36	P056511_36	P056511	36
D:\Data\PanCancer\Raw_panFFPE\Glioma\05058_P056511_15SPD_FMS-35-45-55-65-75_R1.raw	P056511_36	P056511_36	P056511	36
D:\Data\PanCancer\Raw_panFFPE\Glioma\05058_P056512_15SPD_FMS-30-40-50-60-70_R1.raw	P056512_37	P056512_37	P056512	37
D:\Data\PanCancer\Raw_panFFPE\Glioma\05058_P056512_15SPD_FMS-35-45-55-65-75_R1.raw	P056512_37	P056512_37	P056512	37
D:\Data\PanCancer\Raw_panFFPE\Glioma\05058_P056513_15SPD_FMS-30-40-50-60-70_R2.raw	P056513_38	P056513_38	P056513	38
D:\Data\PanCancer\Raw_panFFPE\Glioma\05058_P056513_15SPD_FMS-35-45-55-65-75_R2.raw	P056513_38	P056513_38	P056513	38
D:\Data\PanCancer\Raw_panFFPE\Glioma\05058_P056514_15SPD_FMS-30-40-50-60-70_R1.raw	P056514_39	P056514_39	P056514	39
D:\Data\PanCancer\Raw_panFFPE\Glioma\05058_P056514_15SPD_FMS-35-45-55-65-75_R1.raw	P056514_39	P056514_39	P056514	39
D:\Data\PanCancer\Raw_panFFPE\Glioma\05058_P056515_15SPD_FMS-30-40-50-60-70_R1.raw	P056515_40	P056515_40	P056515	40
D:\Data\PanCancer\Raw_panFFPE\Glioma\05058_P056515_15SPD_FMS-35-45-55-65-75_R1.raw	P056515_40	P056515_40	P056515	40
D:\Data\PanCancer\Raw_panFFPE\Glioma\05058_P056516_15SPD_FMS-30-40-50-60-70_R1.raw	P056516_41	P056516_41	P056516	41
D:\Data\PanCancer\Raw_panFFPE\Glioma\05058_P056516_15SPD_FMS-35-45-55-65-75_R1.raw	P056516_41	P056516_41	P056516	41
D:\Data\PanCancer\Raw_panFFPE\Glioma\05058_P056517_15SPD_FMS-30-40-50-60-70_R1.raw	P056517_42	P056517_42	P056517	42
D:\Data\PanCancer\Raw_panFFPE\Glioma\05058_P056517_15SPD_FMS-35-45-55-65-75_R1.raw	P056517_42	P056517_42	P056517	42
D:\Data\PanCancer\Raw_panFFPE\Glioma\05058_P056518_15SPD_FMS-30-40-50-60-70_R1.raw	P056518_43	P056518_43	P056518	43
D:\Data\PanCancer\Raw_panFFPE\Glioma\05058_P056518_15SPD_FMS-35-45-55-65-75_R1.raw	P056518_43	P056518_43	P056518	43
D:\Data\PanCancer\Raw_panFFPE\Glioma\05058_P056519_15SPD_FMS-30-40-50-60-70_R1.raw	P056519_44	P056519_44	P056519	44
D:\Data\PanCancer\Raw_panFFPE\Glioma\05058_P056519_15SPD_FMS-35-45-55-65-75_R1.raw	P056519_44	P056519_44	P056519	44
D:\Data\PanCancer\Raw_panFFPE\Glioma\05058_P056520_15SPD_FMS-30-40-50-60-70_R1.raw	P056520_45	P056520_45	P056520	45
D:\Data\PanCancer\Raw_panFFPE\Glioma\05058_P056520_15SPD_FMS-35-45-55-65-75_R1.raw	P056520_45	P056520_45	P056520	45
D:\Data\PanCancer\Raw_panFFPE\Glioma\05058_P056521_15SPD_FMS-30-40-50-60-70_R1.raw	P056521_46	P056521_46	P056521	46
D:\Data\PanCancer\Raw_panFFPE\Glioma\05058_P056521_15SPD_FMS-35-45-55-65-75_R1.raw	P056521_46	P056521_46	P056521	46
D:\Data\PanCancer\Raw_panFFPE\Glioma\05058_P056522_15SPD_FMS-30-40-50-60-70_R1.raw	P056522_47	P056522_47	P056522	47
D:\Data\PanCancer\Raw_panFFPE\Glioma\05058_P056522_15SPD_FMS-35-45-55-65-75_R1.raw	P056522_47	P056522_47	P056522	47
D:\Data\PanCancer\Raw_panFFPE\Glioma\05058_P056523_15SPD_FMS-30-40-50-60-70_R1.raw	P056523_48	P056523_48	P056523	48
D:\Data\PanCancer\Raw_panFFPE\Glioma\05058_P056523_15SPD_FMS-35-45-55-65-75_R1.raw	P056523_48	P056523_48	P056523	48
D:\Data\PanCancer\Raw_panFFPE\Glioma\05058_P056524_15SPD_FMS-30-40-50-60-70_R1.raw	P056524_49	P056524_49	P056524	49
D:\Data\PanCancer\Raw_panFFPE\Glioma\05058_P056524_15SPD_FMS-35-45-55-65-75_R1.raw	P056524_49	P056524_49	P056524	49
D:\Data\PanCancer\Raw_panFFPE\Glioma\05058_P056525_15SPD_FMS-30-40-50-60-70_R1.raw	P056525_50	P056525_50	P056525	50
D:\Data\PanCancer\Raw_panFFPE\Glioma\05058_P056525_15SPD_FMS-35-45-55-65-75_R1.raw	P056525_50	P056525_50	P056525	50
D:\Data\PanCancer\Raw_panFFPE\Glioma\05058_P056526_15SPD_FMS-30-40-50-60-70_R1.raw	P056526_51	P056526_51	P056526	51
D:\Data\PanCancer\Raw_panFFPE\Glioma\05058_P056526_15SPD_FMS-35-45-55-65-75_R1.raw	P056526_51	P056526_51	P056526	51
D:\Data\PanCancer\Raw_panFFPE\Glioma\05058_P056527_15SPD_FMS-30-40-50-60-70_R1.raw	P056527_52	P056527_52	P056527	52
D:\Data\PanCancer\Raw_panFFPE\Glioma\05058_P056527_15SPD_FMS-35-45-55-65-75_R1.raw	P056527_52	P056527_52	P056527	52
D:\Data\PanCancer\Raw_panFFPE\Glioma\05058_P056528_15SPD_FMS-30-40-50-60-70_R1.raw	P056528_53	P056528_53	P056528	53
D:\Data\PanCancer\Raw_panFFPE\Glioma\05058_P056528_15SPD_FMS-35-45-55-65-75_R1.raw	P056528_53	P056528_53	P056528	53
D:\Data\PanCancer\Raw_panFFPE\Glioma\05058_P056531_15SPD_FMS-30-40-50-60-70_R1.raw	P056531_54	P056531_54	P056531	54
D:\Data\PanCancer\Raw_panFFPE\Glioma\05058_P056531_15SPD_FMS-35-45-55-65-75_R1.raw	P056531_54	P056531_54	P056531	54
D:\Data\PanCancer\Raw_panFFPE\Glioma\05058_P056532_15SPD_FMS-30-40-50-60-70_R1.raw	P056532_55	P056532_55	P056532	55
D:\Data\PanCancer\Raw_panFFPE\Glioma\05058_P056532_15SPD_FMS-35-45-55-65-75_R1.raw	P056532_55	P056532_55	P056532	55
D:\Data\PanCancer\Raw_panFFPE\Glioma\05058_P056533_15SPD_FMS-30-40-50-60-70_R1.raw	P056533_56	P056533_56	P056533	56
D:\Data\PanCancer\Raw_panFFPE\Glioma\05058_P056533_15SPD_FMS-35-45-55-65-75_R1.raw	P056533_56	P056533_56	P056533	56
D:\Data\PanCancer\Raw_panFFPE\Glioma\05058_P056534_15SPD_FMS-30-40-50-60-70_R1.raw	P056534_57	P056534_57	P056534	57
D:\Data\PanCancer\Raw_panFFPE\Glioma\05058_P056534_15SPD_FMS-35-45-55-65-75_R1.raw	P056534_57	P056534_57	P056534	57
D:\Data\PanCancer\Raw_panFFPE\Glioma\05058_P056535_15SPD_FMS-30-40-50-60-70_R1.raw	P056535_58	P056535_58	P056535	58
D:\Data\PanCancer\Raw_panFFPE\Glioma\05058_P056535_15SPD_FMS-35-45-55-65-75_R1.raw	P056535_58	P056535_58	P056535	58
D:\Data\PanCancer\Raw_panFFPE\Glioma\05058_P056536_15SPD_FMS-30-40-50-60-70_R1.raw	P056536_59	P056536_59	P056536	59
D:\Data\PanCancer\Raw_panFFPE\Glioma\05058_P056536_15SPD_FMS-35-45-55-65-75_R1.raw	P056536_59	P056536_59	P056536	59
D:\Data\PanCancer\Raw_panFFPE\Glioma\05058_P056537_15SPD_FMS-30-40-50-60-70_R2.raw	P056537_60	P056537_60	P056537	60
D:\Data\PanCancer\Raw_panFFPE\Glioma\05058_P056537_15SPD_FMS-35-45-55-65-75_R2.raw	P056537_60	P056537_60	P056537	60
D:\Data\PanCancer\Raw_panFFPE\Glioma\05058_P056538_15SPD_FMS-30-40-50-60-70_R1.raw	P056538_61	P056538_61	P056538	61
D:\Data\PanCancer\Raw_panFFPE\Glioma\05058_P056538_15SPD_FMS-35-45-55-65-75_R1.raw	P056538_61	P056538_61	P056538	61
D:\Data\PanCancer\Raw_panFFPE\Glioma\05058_P056539_15SPD_FMS-30-40-50-60-70_R1.raw	P056539_62	P056539_62	P056539	62
D:\Data\PanCancer\Raw_panFFPE\Glioma\05058_P056539_15SPD_FMS-35-45-55-65-75_R1.raw	P056539_62	P056539_62	P056539	62
D:\Data\PanCancer\Raw_panFFPE\Glioma\05058_P056540_15SPD_FMS-30-40-50-60-70_R1.raw	P056540_63	P056540_63	P056540	63
D:\Data\PanCancer\Raw_panFFPE\Glioma\05058_P056540_15SPD_FMS-35-45-55-65-75_R1.raw	P056540_63	P056540_63	P056540	63
D:\Data\PanCancer\Raw_panFFPE\Glioma\05058_P056541_15SPD_FMS-30-40-50-60-70_R1.raw	P056541_64	P056541_64	P056541	64
D:\Data\PanCancer\Raw_panFFPE\Glioma\05058_P056541_15SPD_FMS-35-45-55-65-75_R1.raw	P056541_64	P056541_64	P056541	64
D:\Data\PanCancer\Raw_panFFPE\Glioma\05058_P056542_15SPD_FMS-30-40-50-60-70_R1.raw	P056542_65	P056542_65	P056542	65
D:\Data\PanCancer\Raw_panFFPE\Glioma\05058_P056542_15SPD_FMS-35-45-55-65-75_R1.raw	P056542_65	P056542_65	P056542	65
D:\Data\PanCancer\Raw_panFFPE\Glioma\05058_P056543_15SPD_FMS-30-40-50-60-70_R1.raw	P056543_66	P056543_66	P056543	66
D:\Data\PanCancer\Raw_panFFPE\Glioma\05058_P056543_15SPD_FMS-35-45-55-65-75_R1.raw	P056543_66	P056543_66	P056543	66
D:\Data\PanCancer\Raw_panFFPE\Glioma\05058_P056544_15SPD_FMS-30-40-50-60-70_R1.raw	P056544_67	P056544_67	P056544	67
D:\Data\PanCancer\Raw_panFFPE\Glioma\05058_P056544_15SPD_FMS-35-45-55-65-75_R1.raw	P056544_67	P056544_67	P056544	67
D:\Data\PanCancer\Raw_panFFPE\Glioma\05058_P056546_15SPD_FMS-30-40-50-60-70_R3.raw	P056546_68	P056546_68	P056546	68
D:\Data\PanCancer\Raw_panFFPE\Glioma\05058_P056546_15SPD_FMS-35-45-55-65-75_R3.raw	P056546_68	P056546_68	P056546	68
D:\Data\PanCancer\Raw_panFFPE\Glioma\05058_P056547_15SPD_FMS-30-40-50-60-70_R3.raw	P056547_69	P056547_69	P056547	69
D:\Data\PanCancer\Raw_panFFPE\Glioma\05058_P056547_15SPD_FMS-35-45-55-65-75_R3.raw	P056547_69	P056547_69	P056547	69
D:\Data\PanCancer\Raw_panFFPE\Glioma\05058_P056548_15SPD_FMS-30-40-50-60-70_R1.raw	P056548_70	P056548_70	P056548	70
D:\Data\PanCancer\Raw_panFFPE\Glioma\05058_P056548_15SPD_FMS-35-45-55-65-75_R1.raw	P056548_70	P056548_70	P056548	70
D:\Data\PanCancer\Raw_panFFPE\Glioma\05058_P056549_15SPD_FMS-30-40-50-60-70_R1.raw	P056549_71	P056549_71	P056549	71
D:\Data\PanCancer\Raw_panFFPE\Glioma\05058_P056549_15SPD_FMS-35-45-55-65-75_R1.raw	P056549_71	P056549_71	P056549	71
D:\Data\PanCancer\Raw_panFFPE\Glioma\05058_P056550_15SPD_FMS-30-40-50-60-70_R1.raw	P056550_72	P056550_72	P056550	72
D:\Data\PanCancer\Raw_panFFPE\Glioma\05058_P056550_15SPD_FMS-35-45-55-65-75_R1.raw	P056550_72	P056550_72	P056550	72
D:\Data\PanCancer\Raw_panFFPE\Glioma\05058_P056551_15SPD_FMS-30-40-50-60-70_R3.raw	P056551_73	P056551_73	P056551	73
D:\Data\PanCancer\Raw_panFFPE\Glioma\05058_P056551_15SPD_FMS-35-45-55-65-75_R3.raw	P056551_73	P056551_73	P056551	73
D:\Data\PanCancer\Raw_panFFPE\Glioma\05058_P056552_15SPD_FMS-30-40-50-60-70_R3.raw	P056552_74	P056552_74	P056552	74
D:\Data\PanCancer\Raw_panFFPE\Glioma\05058_P056552_15SPD_FMS-35-45-55-65-75_R3.raw	P056552_74	P056552_74	P056552	74
D:\Data\PanCancer\Raw_panFFPE\Glioma\05058_P056553_15SPD_FMS-30-40-50-60-70_R1.raw	P056553_75	P056553_75	P056553	75
D:\Data\PanCancer\Raw_panFFPE\Glioma\05058_P056553_15SPD_FMS-35-45-55-65-75_R1.raw	P056553_75	P056553_75	P056553	75
D:\Data\PanCancer\Raw_panFFPE\Glioma\05058_P056555_15SPD_FMS-30-40-50-60-70_R1.raw	P056555_76	P056555_76	P056555	76
D:\Data\PanCancer\Raw_panFFPE\Glioma\05058_P056555_15SPD_FMS-35-45-55-65-75_R1.raw	P056555_76	P056555_76	P056555	76
D:\Data\PanCancer\Raw_panFFPE\Glioma\05058_P056556_15SPD_FMS-30-40-50-60-70_R1.raw	P056556_77	P056556_77	P056556	77
D:\Data\PanCancer\Raw_panFFPE\Glioma\05058_P056556_15SPD_FMS-35-45-55-65-75_R1.raw	P056556_77	P056556_77	P056556	77
D:\Data\PanCancer\Raw_panFFPE\Glioma\05058_P056557_15SPD_FMS-30-40-50-60-70_R1.raw	P056557_78	P056557_78	P056557	78
D:\Data\PanCancer\Raw_panFFPE\Glioma\05058_P056557_15SPD_FMS-35-45-55-65-75_R1.raw	P056557_78	P056557_78	P056557	78
D:\Data\PanCancer\Raw_panFFPE\Glioma\05058_P056558_15SPD_FMS-30-40-50-60-70_R1.raw	P056558_79	P056558_79	P056558	79
D:\Data\PanCancer\Raw_panFFPE\Glioma\05058_P056558_15SPD_FMS-35-45-55-65-75_R1.raw	P056558_79	P056558_79	P056558	79
D:\Data\PanCancer\Raw_panFFPE\Glioma\05058_P056559_15SPD_FMS-30-40-50-60-70_R1.raw	P056559_80	P056559_80	P056559	80
D:\Data\PanCancer\Raw_panFFPE\Glioma\05058_P056559_15SPD_FMS-35-45-55-65-75_R1.raw	P056559_80	P056559_80	P056559	80
D:\Data\PanCancer\Raw_panFFPE\Glioma\05058_P056560_15SPD_FMS-30-40-50-60-70_R1.raw	P056560_81	P056560_81	P056560	81
D:\Data\PanCancer\Raw_panFFPE\Glioma\05058_P056560_15SPD_FMS-35-45-55-65-75_R1.raw	P056560_81	P056560_81	P056560	81
D:\Data\PanCancer\Raw_panFFPE\Glioma\05058_P056561_15SPD_FMS-30-40-50-60-70_R1.raw	P056561_82	P056561_82	P056561	82
D:\Data\PanCancer\Raw_panFFPE\Glioma\05058_P056561_15SPD_FMS-35-45-55-65-75_R1.raw	P056561_82	P056561_82	P056561	82
D:\Data\PanCancer\Raw_panFFPE\Glioma\05058_P056562_15SPD_FMS-30-40-50-60-70_R1.raw	P056562_83	P056562_83	P056562	83
D:\Data\PanCancer\Raw_panFFPE\Glioma\05058_P056562_15SPD_FMS-35-45-55-65-75_R1.raw	P056562_83	P056562_83	P056562	83
D:\Data\PanCancer\Raw_panFFPE\Glioma\05058_P056563_15SPD_FMS-30-40-50-60-70_R1.raw	P056563_84	P056563_84	P056563	84
D:\Data\PanCancer\Raw_panFFPE\Glioma\05058_P056563_15SPD_FMS-35-45-55-65-75_R1.raw	P056563_84	P056563_84	P056563	84
D:\Data\PanCancer\Raw_panFFPE\Glioma\05058_P056565_15SPD_FMS-30-40-50-60-70_R1.raw	P056565_85	P056565_85	P056565	85
D:\Data\PanCancer\Raw_panFFPE\Glioma\05058_P056565_15SPD_FMS-35-45-55-65-75_R1.raw	P056565_85	P056565_85	P056565	85
D:\Data\PanCancer\Raw_panFFPE\Glioma\05058_P056591_15SPD_FMS-30-40-50-60-70_R1.raw	P056591_86	P056591_86	P056591	86
D:\Data\PanCancer\Raw_panFFPE\Glioma\05058_P056591_15SPD_FMS-35-45-55-65-75_R1.raw	P056591_86	P056591_86	P056591	86
D:\Data\PanCancer\Raw_panFFPE\Glioma\05058_P056592_15SPD_FMS-30-40-50-60-70_R1.raw	P056592_87	P056592_87	P056592	87
D:\Data\PanCancer\Raw_panFFPE\Glioma\05058_P056592_15SPD_FMS-35-45-55-65-75_R1.raw	P056592_87	P056592_87	P056592	87
D:\Data\PanCancer\Raw_panFFPE\Glioma\05058_P056593_15SPD_FMS-30-40-50-60-70_R1.raw	P056593_88	P056593_88	P056593	88
D:\Data\PanCancer\Raw_panFFPE\Glioma\05058_P056593_15SPD_FMS-35-45-55-65-75_R1.raw	P056593_88	P056593_88	P056593	88
D:\Data\PanCancer\Raw_panFFPE\Glioma\05058_P056594_15SPD_FMS-30-40-50-60-70_R1.raw	P056594_89	P056594_89	P056594	89
D:\Data\PanCancer\Raw_panFFPE\Glioma\05058_P056594_15SPD_FMS-35-45-55-65-75_R1.raw	P056594_89	P056594_89	P056594	89
D:\Data\PanCancer\Raw_panFFPE\Glioma\05058_P056595_15SPD_FMS-30-40-50-60-70_R1.raw	P056595_90	P056595_90	P056595	90
D:\Data\PanCancer\Raw_panFFPE\Glioma\05058_P056595_15SPD_FMS-35-45-55-65-75_R1.raw	P056595_90	P056595_90	P056595	90
D:\Data\PanCancer\Raw_panFFPE\Glioma\05058_P056909_15SPD_FMS-30-40-50-60-70_R1.raw	P056909_91	P056909_91	P056909	91
D:\Data\PanCancer\Raw_panFFPE\Glioma\05058_P056909_15SPD_FMS-35-45-55-65-75_R1.raw	P056909_91	P056909_91	P056909	91
D:\Data\PanCancer\Raw_panFFPE\Glioma\05058_P056910_15SPD_FMS-30-40-50-60-70_R1.raw	P056910_92	P056910_92	P056910	92
D:\Data\PanCancer\Raw_panFFPE\Glioma\05058_P056910_15SPD_FMS-35-45-55-65-75_R1.raw	P056910_92	P056910_92	P056910	92
D:\Data\PanCancer\Raw_panFFPE\Glioma\05058_P056911_15SPD_FMS-30-40-50-60-70_R1.raw	P056911_93	P056911_93	P056911	93
D:\Data\PanCancer\Raw_panFFPE\Glioma\05058_P056911_15SPD_FMS-35-45-55-65-75_R1.raw	P056911_93	P056911_93	P056911	93
D:\Data\PanCancer\Raw_panFFPE\Glioma\05058_P056912_15SPD_FMS-30-40-50-60-70_R1.raw	P056912_94	P056912_94	P056912	94
D:\Data\PanCancer\Raw_panFFPE\Glioma\05058_P056912_15SPD_FMS-35-45-55-65-75_R1.raw	P056912_94	P056912_94	P056912	94
D:\Data\PanCancer\Raw_panFFPE\Glioma\05058_P056914_15SPD_FMS-30-40-50-60-70_R1.raw	P056914_95	P056914_95	P056914	95
D:\Data\PanCancer\Raw_panFFPE\Glioma\05058_P056914_15SPD_FMS-35-45-55-65-75_R1.raw	P056914_95	P056914_95	P056914	95
D:\Data\PanCancer\Raw_panFFPE\Glioma\05058_P056915_15SPD_FMS-30-40-50-60-70_R1.raw	P056915_96	P056915_96	P056915	96
D:\Data\PanCancer\Raw_panFFPE\Glioma\05058_P056915_15SPD_FMS-35-45-55-65-75_R1.raw	P056915_96	P056915_96	P056915	96
D:\Data\PanCancer\Raw_panFFPE\Glioma\05058_P056916_15SPD_FMS-30-40-50-60-70_R2.raw	P056916_97	P056916_97	P056916	97
D:\Data\PanCancer\Raw_panFFPE\Glioma\05058_P056916_15SPD_FMS-35-45-55-65-75_R2.raw	P056916_97	P056916_97	P056916	97
D:\Data\PanCancer\Raw_panFFPE\Glioma\05058_P056917_15SPD_FMS-30-40-50-60-70_R1.raw	P056917_98	P056917_98	P056917	98
D:\Data\PanCancer\Raw_panFFPE\Glioma\05058_P056917_15SPD_FMS-35-45-55-65-75_R1.raw	P056917_98	P056917_98	P056917	98
D:\Data\PanCancer\Raw_panFFPE\Glioma\05058_P056918_15SPD_FMS-30-40-50-60-70_R1.raw	P056918_99	P056918_99	P056918	99
D:\Data\PanCancer\Raw_panFFPE\Glioma\05058_P056918_15SPD_FMS-35-45-55-65-75_R1.raw	P056918_99	P056918_99	P056918	99
D:\Data\PanCancer\Raw_panFFPE\Glioma\05058_P056920_15SPD_FMS-30-40-50-60-70_R1.raw	P056920_100	P056920_100	P056920	100
D:\Data\PanCancer\Raw_panFFPE\Glioma\05058_P056920_15SPD_FMS-35-45-55-65-75_R1.raw	P056920_100	P056920_100	P056920	100
D:\Data\PanCancer\Raw_panFFPE\Glioma\05058_P056922_15SPD_FMS-30-40-50-60-70_R1.raw	P056922_101	P056922_101	P056922	101
D:\Data\PanCancer\Raw_panFFPE\Glioma\05058_P056922_15SPD_FMS-35-45-55-65-75_R1.raw	P056922_101	P056922_101	P056922	101
D:\Data\PanCancer\Raw_panFFPE\Glioma\05058_P056923_15SPD_FMS-30-40-50-60-70_R1.raw	P056923_102	P056923_102	P056923	102
D:\Data\PanCancer\Raw_panFFPE\Glioma\05058_P056923_15SPD_FMS-35-45-55-65-75_R1.raw	P056923_102	P056923_102	P056923	102
D:\Data\PanCancer\Raw_panFFPE\Glioma\05058_P056924_15SPD_FMS-30-40-50-60-70_R1.raw	P056924_103	P056924_103	P056924	103
D:\Data\PanCancer\Raw_panFFPE\Glioma\05058_P056924_15SPD_FMS-35-45-55-65-75_R1.raw	P056924_103	P056924_103	P056924	103
D:\Data\PanCancer\Raw_panFFPE\Glioma\05058_P056925_15SPD_FMS-30-40-50-60-70_R1.raw	P056925_104	P056925_104	P056925	104
D:\Data\PanCancer\Raw_panFFPE\Glioma\05058_P056925_15SPD_FMS-35-45-55-65-75_R1.raw	P056925_104	P056925_104	P056925	104
D:\Data\PanCancer\Raw_panFFPE\Glioma\05058_P056926_15SPD_FMS-30-40-50-60-70_R2.raw	P056926_105	P056926_105	P056926	105
D:\Data\PanCancer\Raw_panFFPE\Glioma\05058_P056926_15SPD_FMS-35-45-55-65-75_R2.raw	P056926_105	P056926_105	P056926	105
D:\Data\PanCancer\Raw_panFFPE\Glioma\05058_P056929_15SPD_FMS-30-40-50-60-70_R1.raw	P056929_106	P056929_106	P056929	106
D:\Data\PanCancer\Raw_panFFPE\Glioma\05058_P056929_15SPD_FMS-35-45-55-65-75_R1.raw	P056929_106	P056929_106	P056929	106
D:\Data\PanCancer\Raw_panFFPE\Glioma\05058_P056933_15SPD_FMS-30-40-50-60-70_R1.raw	P056933_107	P056933_107	P056933	107
D:\Data\PanCancer\Raw_panFFPE\Glioma\05058_P056933_15SPD_FMS-35-45-55-65-75_R1.raw	P056933_107	P056933_107	P056933	107
D:\Data\PanCancer\Raw_panFFPE\Glioma\05058_P056935_15SPD_FMS-30-40-50-60-70_R1.raw	P056935_108	P056935_108	P056935	108
D:\Data\PanCancer\Raw_panFFPE\Glioma\05058_P056935_15SPD_FMS-35-45-55-65-75_R1.raw	P056935_108	P056935_108	P056935	108
D:\Data\PanCancer\Raw_panFFPE\Glioma\05058_P056936_15SPD_FMS-30-40-50-60-70_R1.raw	P056936_109	P056936_109	P056936	109
D:\Data\PanCancer\Raw_panFFPE\Glioma\05058_P056936_15SPD_FMS-35-45-55-65-75_R1.raw	P056936_109	P056936_109	P056936	109
D:\Data\PanCancer\Raw_panFFPE\Glioma\05058_P056937_15SPD_FMS-30-40-50-60-70_R1.raw	P056937_110	P056937_110	P056937	110
D:\Data\PanCancer\Raw_panFFPE\Glioma\05058_P056937_15SPD_FMS-35-45-55-65-75_R1.raw	P056937_110	P056937_110	P056937	110
D:\Data\PanCancer\Raw_panFFPE\Glioma\05058_P056938_15SPD_FMS-30-40-50-60-70_R1.raw	P056938_111	P056938_111	P056938	111
D:\Data\PanCancer\Raw_panFFPE\Glioma\05058_P056938_15SPD_FMS-35-45-55-65-75_R1.raw	P056938_111	P056938_111	P056938	111
D:\Data\PanCancer\Raw_panFFPE\Glioma\05058_P056939_15SPD_FMS-30-40-50-60-70_R1.raw	P056939_112	P056939_112	P056939	112
D:\Data\PanCancer\Raw_panFFPE\Glioma\05058_P056939_15SPD_FMS-35-45-55-65-75_R1.raw	P056939_112	P056939_112	P056939	112
D:\Data\PanCancer\Raw_panFFPE\Glioma\05058_P056940_15SPD_FMS-30-40-50-60-70_R1.raw	P056940_113	P056940_113	P056940	113
D:\Data\PanCancer\Raw_panFFPE\Glioma\05058_P056940_15SPD_FMS-35-45-55-65-75_R1.raw	P056940_113	P056940_113	P056940	113
D:\Data\PanCancer\Raw_panFFPE\Glioma\05058_P056941_15SPD_FMS-30-40-50-60-70_R1.raw	P056941_114	P056941_114	P056941	114
D:\Data\PanCancer\Raw_panFFPE\Glioma\05058_P056941_15SPD_FMS-35-45-55-65-75_R1.raw	P056941_114	P056941_114	P056941	114
D:\Data\PanCancer\Raw_panFFPE\Glioma\05058_P056942_15SPD_FMS-30-40-50-60-70_R1.raw	P056942_115	P056942_115	P056942	115
D:\Data\PanCancer\Raw_panFFPE\Glioma\05058_P056942_15SPD_FMS-35-45-55-65-75_R1.raw	P056942_115	P056942_115	P056942	115
D:\Data\PanCancer\Raw_panFFPE\Glioma\05058_P056943_15SPD_FMS-30-40-50-60-70_R1.raw	P056943_116	P056943_116	P056943	116
D:\Data\PanCancer\Raw_panFFPE\Glioma\05058_P056943_15SPD_FMS-35-45-55-65-75_R1.raw	P056943_116	P056943_116	P056943	116
D:\Data\PanCancer\Raw_panFFPE\Glioma\05058_P056944_15SPD_FMS-30-40-50-60-70_R1.raw	P056944_117	P056944_117	P056944	117
D:\Data\PanCancer\Raw_panFFPE\Glioma\05058_P056944_15SPD_FMS-35-45-55-65-75_R1.raw	P056944_117	P056944_117	P056944	117
D:\Data\PanCancer\Raw_panFFPE\Glioma\05058_P056946_15SPD_FMS-30-40-50-60-70_R1.raw	P056946_118	P056946_118	P056946	118
D:\Data\PanCancer\Raw_panFFPE\Glioma\05058_P056946_15SPD_FMS-35-45-55-65-75_R1.raw	P056946_118	P056946_118	P056946	118
D:\Data\PanCancer\Raw_panFFPE\Glioma\05058_P056948_15SPD_FMS-30-40-50-60-70_R1.raw	P056948_119	P056948_119	P056948	119
D:\Data\PanCancer\Raw_panFFPE\Glioma\05058_P056948_15SPD_FMS-35-45-55-65-75_R1.raw	P056948_119	P056948_119	P056948	119
D:\Data\PanCancer\Raw_panFFPE\Glioma\05058_P056949_15SPD_FMS-30-40-50-60-70_R1.raw	P056949_120	P056949_120	P056949	120
D:\Data\PanCancer\Raw_panFFPE\Glioma\05058_P056949_15SPD_FMS-35-45-55-65-75_R1.raw	P056949_120	P056949_120	P056949	120
D:\Data\PanCancer\Raw_panFFPE\Glioma\05058_P056950_15SPD_FMS-30-40-50-60-70_R1.raw	P056950_121	P056950_121	P056950	121
D:\Data\PanCancer\Raw_panFFPE\Glioma\05058_P056950_15SPD_FMS-35-45-55-65-75_R1.raw	P056950_121	P056950_121	P056950	121
D:\Data\PanCancer\Raw_panFFPE\Glioma\05058_P056951_15SPD_FMS-30-40-50-60-70_R1.raw	P056951_122	P056951_122	P056951	122
D:\Data\PanCancer\Raw_panFFPE\Glioma\05058_P056951_15SPD_FMS-35-45-55-65-75_R1.raw	P056951_122	P056951_122	P056951	122
D:\Data\PanCancer\Raw_panFFPE\Glioma\05058_P056953_15SPD_FMS-30-40-50-60-70_R1.raw	P056953_123	P056953_123	P056953	123
D:\Data\PanCancer\Raw_panFFPE\Glioma\05058_P056953_15SPD_FMS-35-45-55-65-75_R1.raw	P056953_123	P056953_123	P056953	123
D:\Data\PanCancer\Raw_panFFPE\Glioma\05058_P056954_15SPD_FMS-30-40-50-60-70_R1.raw	P056954_124	P056954_124	P056954	124
D:\Data\PanCancer\Raw_panFFPE\Glioma\05058_P056954_15SPD_FMS-35-45-55-65-75_R1.raw	P056954_124	P056954_124	P056954	124
D:\Data\PanCancer\Raw_panFFPE\Glioma\05058_P056955_15SPD_FMS-30-40-50-60-70_R1.raw	P056955_125	P056955_125	P056955	125
D:\Data\PanCancer\Raw_panFFPE\Glioma\05058_P056955_15SPD_FMS-35-45-55-65-75_R1.raw	P056955_125	P056955_125	P056955	125
D:\Data\PanCancer\Raw_panFFPE\Glioma\05058_P056956_15SPD_FMS-30-40-50-60-70_R1.raw	P056956_126	P056956_126	P056956	126
D:\Data\PanCancer\Raw_panFFPE\Glioma\05058_P056956_15SPD_FMS-35-45-55-65-75_R1.raw	P056956_126	P056956_126	P056956	126
D:\Data\PanCancer\Raw_panFFPE\Glioma\05058_P056957_15SPD_FMS-30-40-50-60-70_R1.raw	P056957_127	P056957_127	P056957	127
D:\Data\PanCancer\Raw_panFFPE\Glioma\05058_P056957_15SPD_FMS-35-45-55-65-75_R1.raw	P056957_127	P056957_127	P056957	127
D:\Data\PanCancer\Raw_panFFPE\Glioma\05058_P056958_15SPD_FMS-30-40-50-60-70_R1.raw	P056958_128	P056958_128	P056958	128
D:\Data\PanCancer\Raw_panFFPE\Glioma\05058_P056958_15SPD_FMS-35-45-55-65-75_R1.raw	P056958_128	P056958_128	P056958	128
D:\Data\PanCancer\Raw_panFFPE\Glioma\05058_P056959_15SPD_FMS-30-40-50-60-70_R1.raw	P056959_129	P056959_129	P056959	129
D:\Data\PanCancer\Raw_panFFPE\Glioma\05058_P056959_15SPD_FMS-35-45-55-65-75_R1.raw	P056959_129	P056959_129	P056959	129
D:\Data\PanCancer\Raw_panFFPE\Glioma\05058_P056960_15SPD_FMS-30-40-50-60-70_R1.raw	P056960_130	P056960_130	P056960	130
D:\Data\PanCancer\Raw_panFFPE\Glioma\05058_P056960_15SPD_FMS-35-45-55-65-75_R1.raw	P056960_130	P056960_130	P056960	130
D:\Data\PanCancer\Raw_panFFPE\Glioma\05058_P056961_15SPD_FMS-30-40-50-60-70_R2.raw	P056961_131	P056961_131	P056961	131
D:\Data\PanCancer\Raw_panFFPE\Glioma\05058_P056961_15SPD_FMS-35-45-55-65-75_R2.raw	P056961_131	P056961_131	P056961	131
D:\Data\PanCancer\Raw_panFFPE\Glioma\05058_P056962_15SPD_FMS-30-40-50-60-70_R1.raw	P056962_132	P056962_132	P056962	132
D:\Data\PanCancer\Raw_panFFPE\Glioma\05058_P056962_15SPD_FMS-35-45-55-65-75_R1.raw	P056962_132	P056962_132	P056962	132
D:\Data\PanCancer\Raw_panFFPE\Glioma\05058_P056963_15SPD_FMS-30-40-50-60-70_R1.raw	P056963_133	P056963_133	P056963	133
D:\Data\PanCancer\Raw_panFFPE\Glioma\05058_P056963_15SPD_FMS-35-45-55-65-75_R1.raw	P056963_133	P056963_133	P056963	133
D:\Data\PanCancer\Raw_panFFPE\Glioma\05058_P056964_15SPD_FMS-30-40-50-60-70_R2.raw	P056964_134	P056964_134	P056964	134
D:\Data\PanCancer\Raw_panFFPE\Glioma\05058_P056964_15SPD_FMS-35-45-55-65-75_R2.raw	P056964_134	P056964_134	P056964	134
D:\Data\PanCancer\Raw_panFFPE\Glioma\05058_P056965_15SPD_FMS-30-40-50-60-70_R1.raw	P056965_135	P056965_135	P056965	135
D:\Data\PanCancer\Raw_panFFPE\Glioma\05058_P056965_15SPD_FMS-35-45-55-65-75_R1.raw	P056965_135	P056965_135	P056965	135
D:\Data\PanCancer\Raw_panFFPE\Glioma\05058_P056966_15SPD_FMS-30-40-50-60-70_R1.raw	P056966_136	P056966_136	P056966	136
D:\Data\PanCancer\Raw_panFFPE\Glioma\05058_P056966_15SPD_FMS-35-45-55-65-75_R1.raw	P056966_136	P056966_136	P056966	136
D:\Data\PanCancer\Raw_panFFPE\Glioma\05058_P056967_15SPD_FMS-30-40-50-60-70_R1.raw	P056967_137	P056967_137	P056967	137
D:\Data\PanCancer\Raw_panFFPE\Glioma\05058_P056967_15SPD_FMS-35-45-55-65-75_R1.raw	P056967_137	P056967_137	P056967	137
D:\Data\PanCancer\Raw_panFFPE\Glioma\05058_P056968_15SPD_FMS-30-40-50-60-70_R1.raw	P056968_138	P056968_138	P056968	138
D:\Data\PanCancer\Raw_panFFPE\Glioma\05058_P056968_15SPD_FMS-35-45-55-65-75_R1.raw	P056968_138	P056968_138	P056968	138
D:\Data\PanCancer\Raw_panFFPE\Glioma\05058_P056969_15SPD_FMS-30-40-50-60-70_R1.raw	P056969_139	P056969_139	P056969	139
D:\Data\PanCancer\Raw_panFFPE\Glioma\05058_P056969_15SPD_FMS-35-45-55-65-75_R1.raw	P056969_139	P056969_139	P056969	139
D:\Data\PanCancer\Raw_panFFPE\Glioma\05058_P056970_15SPD_FMS-30-40-50-60-70_R2.raw	P056970_140	P056970_140	P056970	140
D:\Data\PanCancer\Raw_panFFPE\Glioma\05058_P056970_15SPD_FMS-35-45-55-65-75_R2.raw	P056970_140	P056970_140	P056970	140
D:\Data\PanCancer\Raw_panFFPE\Glioma\05058_P056972_15SPD_FMS-30-40-50-60-70_R1.raw	P056972_141	P056972_141	P056972	141
D:\Data\PanCancer\Raw_panFFPE\Glioma\05058_P056972_15SPD_FMS-35-45-55-65-75_R1.raw	P056972_141	P056972_141	P056972	141
D:\Data\PanCancer\Raw_panFFPE\Glioma\05058_P056974_15SPD_FMS-30-40-50-60-70_R2.raw	P056974_142	P056974_142	P056974	142
D:\Data\PanCancer\Raw_panFFPE\Glioma\05058_P056974_15SPD_FMS-35-45-55-65-75_R2.raw	P056974_142	P056974_142	P056974	142
D:\Data\PanCancer\Raw_panFFPE\Glioma\05058_P056975_15SPD_FMS-30-40-50-60-70_R1.raw	P056975_143	P056975_143	P056975	143
D:\Data\PanCancer\Raw_panFFPE\Glioma\05058_P056975_15SPD_FMS-35-45-55-65-75_R1.raw	P056975_143	P056975_143	P056975	143
D:\Data\PanCancer\Raw_panFFPE\Glioma\05058_P056976_15SPD_FMS-30-40-50-60-70_R1.raw	P056976_144	P056976_144	P056976	144
D:\Data\PanCancer\Raw_panFFPE\Glioma\05058_P056976_15SPD_FMS-35-45-55-65-75_R1.raw	P056976_144	P056976_144	P056976	144
D:\Data\PanCancer\Raw_panFFPE\Glioma\05058_P056977_15SPD_FMS-30-40-50-60-70_R1.raw	P056977_145	P056977_145	P056977	145
D:\Data\PanCancer\Raw_panFFPE\Glioma\05058_P056977_15SPD_FMS-35-45-55-65-75_R1.raw	P056977_145	P056977_145	P056977	145
D:\Data\PanCancer\Raw_panFFPE\Glioma\05058_P056978_15SPD_FMS-30-40-50-60-70_R1.raw	P056978_146	P056978_146	P056978	146
D:\Data\PanCancer\Raw_panFFPE\Glioma\05058_P056978_15SPD_FMS-35-45-55-65-75_R1.raw	P056978_146	P056978_146	P056978	146
D:\Data\PanCancer\Raw_panFFPE\Glioma\05058_P056979_15SPD_FMS-30-40-50-60-70_R1.raw	P056979_147	P056979_147	P056979	147
D:\Data\PanCancer\Raw_panFFPE\Glioma\05058_P056979_15SPD_FMS-35-45-55-65-75_R1.raw	P056979_147	P056979_147	P056979	147
D:\Data\PanCancer\Raw_panFFPE\Glioma\05058_P056980_15SPD_FMS-30-40-50-60-70_R1.raw	P056980_148	P056980_148	P056980	148
D:\Data\PanCancer\Raw_panFFPE\Glioma\05058_P056980_15SPD_FMS-35-45-55-65-75_R1.raw	P056980_148	P056980_148	P056980	148
D:\Data\PanCancer\Raw_panFFPE\Glioma\05058_P056982_15SPD_FMS-30-40-50-60-70_R2.raw	P056982_149	P056982_149	P056982	149
D:\Data\PanCancer\Raw_panFFPE\Glioma\05058_P056982_15SPD_FMS-35-45-55-65-75_R2.raw	P056982_149	P056982_149	P056982	149
D:\Data\PanCancer\Raw_panFFPE\Glioma\05058_P056983_15SPD_FMS-30-40-50-60-70_R1.raw	P056983_150	P056983_150	P056983	150
D:\Data\PanCancer\Raw_panFFPE\Glioma\05058_P056983_15SPD_FMS-35-45-55-65-75_R2.raw	P056983_150	P056983_150	P056983	150
D:\Data\PanCancer\Raw_panFFPE\Glioma\05058_P056984_15SPD_FMS-30-40-50-60-70_R2.raw	P056984_151	P056984_151	P056984	151
D:\Data\PanCancer\Raw_panFFPE\Glioma\05058_P056984_15SPD_FMS-35-45-55-65-75_R2.raw	P056984_151	P056984_151	P056984	151
D:\Data\PanCancer\Raw_panFFPE\Glioma\05058_P056986_15SPD_FMS-30-40-50-60-70_R2.raw	P056986_152	P056986_152	P056986	152
D:\Data\PanCancer\Raw_panFFPE\Glioma\05058_P056986_15SPD_FMS-35-45-55-65-75_R2.raw	P056986_152	P056986_152	P056986	152
D:\Data\PanCancer\Raw_panFFPE\Glioma\05058_P056987_15SPD_FMS-30-40-50-60-70_R2.raw	P056987_153	P056987_153	P056987	153
D:\Data\PanCancer\Raw_panFFPE\Glioma\05058_P056987_15SPD_FMS-35-45-55-65-75_R2.raw	P056987_153	P056987_153	P056987	153
D:\Data\PanCancer\Raw_panFFPE\Glioma\05058_P058384_15SPD_FMS-30-40-50-60-70_R1.raw	P058384_154	P058384_154	P058384	154
D:\Data\PanCancer\Raw_panFFPE\Glioma\05058_P058384_15SPD_FMS-30-40-50-60-70_R2.raw	P058384_154	P058384_154	P058384	154
D:\Data\PanCancer\Raw_panFFPE\Glioma\05058_P058386_15SPD_FMS-30-40-50-60-70_R1.raw	P058386_155	P058386_155	P058386	155
D:\Data\PanCancer\Raw_panFFPE\Glioma\05058_P058386_15SPD_FMS-35-45-55-65-75_R1.raw	P058386_155	P058386_155	P058386	155
D:\Data\PanCancer\Raw_panFFPE\Glioma\05058_P058387_15SPD_FMS-30-40-50-60-70_R1.raw	P058387_156	P058387_156	P058387	156
D:\Data\PanCancer\Raw_panFFPE\Glioma\05058_P058387_15SPD_FMS-35-45-55-65-75_R1.raw	P058387_156	P058387_156	P058387	156
D:\Data\PanCancer\Raw_panFFPE\Glioma\05058_P058388_15SPD_FMS-30-40-50-60-70_R2.raw	P058388_157	P058388_157	P058388	157
D:\Data\PanCancer\Raw_panFFPE\Glioma\05058_P058388_15SPD_FMS-35-45-55-65-75_R2.raw	P058388_157	P058388_157	P058388	157
D:\Data\PanCancer\Raw_panFFPE\Glioma\05058_P058389_15SPD_FMS-30-40-50-60-70_R1.raw	P058389_158	P058389_158	P058389	158
D:\Data\PanCancer\Raw_panFFPE\Glioma\05058_P058389_15SPD_FMS-35-45-55-65-75_R1.raw	P058389_158	P058389_158	P058389	158
D:\Data\PanCancer\Raw_panFFPE\Glioma\05058_P058390_15SPD_FMS-30-40-50-60-70_R1.raw	P058390_159	P058390_159	P058390	159
D:\Data\PanCancer\Raw_panFFPE\Glioma\05058_P058390_15SPD_FMS-35-45-55-65-75_R1.raw	P058390_159	P058390_159	P058390	159
D:\Data\PanCancer\Raw_panFFPE\Glioma\05058_P058391_15SPD_FMS-30-40-50-60-70_R1.raw	P058391_160	P058391_160	P058391	160
D:\Data\PanCancer\Raw_panFFPE\Glioma\05058_P058391_15SPD_FMS-35-45-55-65-75_R1.raw	P058391_160	P058391_160	P058391	160
D:\Data\PanCancer\Raw_panFFPE\Glioma\05058_P058392_15SPD_FMS-30-40-50-60-70_R1.raw	P058392_161	P058392_161	P058392	161
D:\Data\PanCancer\Raw_panFFPE\Glioma\05058_P058392_15SPD_FMS-35-45-55-65-75_R1.raw	P058392_161	P058392_161	P058392	161
D:\Data\PanCancer\Raw_panFFPE\Glioma\05058_P058394_15SPD_FMS-30-40-50-60-70_R1.raw	P058394_162	P058394_162	P058394	162
D:\Data\PanCancer\Raw_panFFPE\Glioma\05058_P058394_15SPD_FMS-35-45-55-65-75_R1.raw	P058394_162	P058394_162	P058394	162
D:\Data\PanCancer\Raw_panFFPE\Glioma\05058_P058395_15SPD_FMS-30-40-50-60-70_R1.raw	P058395_163	P058395_163	P058395	163
D:\Data\PanCancer\Raw_panFFPE\Glioma\05058_P058395_15SPD_FMS-35-45-55-65-75_R1.raw	P058395_163	P058395_163	P058395	163
D:\Data\PanCancer\Raw_panFFPE\Glioma\05058_P058396_15SPD_FMS-30-40-50-60-70_R1.raw	P058396_164	P058396_164	P058396	164
D:\Data\PanCancer\Raw_panFFPE\Glioma\05058_P058396_15SPD_FMS-35-45-55-65-75_R1.raw	P058396_164	P058396_164	P058396	164
D:\Data\PanCancer\Raw_panFFPE\Glioma\05058_P058397_15SPD_FMS-30-40-50-60-70_R1.raw	P058397_165	P058397_165	P058397	165
D:\Data\PanCancer\Raw_panFFPE\Glioma\05058_P058397_15SPD_FMS-35-45-55-65-75_R1.raw	P058397_165	P058397_165	P058397	165
D:\Data\PanCancer\Raw_panFFPE\Glioma\05058_P058398_15SPD_FMS-30-40-50-60-70_R1.raw	P058398_166	P058398_166	P058398	166
D:\Data\PanCancer\Raw_panFFPE\Glioma\05058_P058398_15SPD_FMS-35-45-55-65-75_R1.raw	P058398_166	P058398_166	P058398	166
D:\Data\PanCancer\Raw_panFFPE\Glioma\05058_P058400_15SPD_FMS-30-40-50-60-70_R1.raw	P058400_167	P058400_167	P058400	167
D:\Data\PanCancer\Raw_panFFPE\Glioma\05058_P058400_15SPD_FMS-35-45-55-65-75_R1.raw	P058400_167	P058400_167	P058400	167
D:\Data\PanCancer\Raw_panFFPE\Glioma\05058_P058401_15SPD_FMS-30-40-50-60-70_R1.raw	P058401_168	P058401_168	P058401	168
D:\Data\PanCancer\Raw_panFFPE\Glioma\05058_P058401_15SPD_FMS-35-45-55-65-75_R1.raw	P058401_168	P058401_168	P058401	168
D:\Data\PanCancer\Raw_panFFPE\Glioma\05058_P058402_15SPD_FMS-30-40-50-60-70_R1.raw	P058402_169	P058402_169	P058402	169
D:\Data\PanCancer\Raw_panFFPE\Glioma\05058_P058402_15SPD_FMS-35-45-55-65-75_R1.raw	P058402_169	P058402_169	P058402	169
D:\Data\PanCancer\Raw_panFFPE\Glioma\05058_P058404_15SPD_FMS-30-40-50-60-70_R1.raw	P058404_170	P058404_170	P058404	170
D:\Data\PanCancer\Raw_panFFPE\Glioma\05058_P058404_15SPD_FMS-35-45-55-65-75_R1.raw	P058404_170	P058404_170	P058404	170
D:\Data\PanCancer\Raw_panFFPE\Glioma\05058_P058405_15SPD_FMS-30-40-50-60-70_R2.raw	P058405_171	P058405_171	P058405	171
D:\Data\PanCancer\Raw_panFFPE\Glioma\05058_P058405_15SPD_FMS-35-45-55-65-75_R2.raw	P058405_171	P058405_171	P058405	171
D:\Data\PanCancer\Raw_panFFPE\Glioma\05058_P058406_15SPD_FMS-30-40-50-60-70_R1.raw	P058406_172	P058406_172	P058406	172
D:\Data\PanCancer\Raw_panFFPE\Glioma\05058_P058406_15SPD_FMS-35-45-55-65-75_R1.raw	P058406_172	P058406_172	P058406	172
D:\Data\PanCancer\Raw_panFFPE\Glioma\05058_P058407_15SPD_FMS-30-40-50-60-70_R1.raw	P058407_173	P058407_173	P058407	173
D:\Data\PanCancer\Raw_panFFPE\Glioma\05058_P058407_15SPD_FMS-35-45-55-65-75_R1.raw	P058407_173	P058407_173	P058407	173
D:\Data\PanCancer\Raw_panFFPE\Glioma\05058_P058408_15SPD_FMS-30-40-50-60-70_R1.raw	P058408_174	P058408_174	P058408	174
D:\Data\PanCancer\Raw_panFFPE\Glioma\05058_P058408_15SPD_FMS-35-45-55-65-75_R1.raw	P058408_174	P058408_174	P058408	174
D:\Data\PanCancer\Raw_panFFPE\Glioma\05058_P058409_15SPD_FMS-30-40-50-60-70_R1.raw	P058409_175	P058409_175	P058409	175
D:\Data\PanCancer\Raw_panFFPE\Glioma\05058_P058409_15SPD_FMS-35-45-55-65-75_R1.raw	P058409_175	P058409_175	P058409	175
D:\Data\PanCancer\Raw_panFFPE\Glioma\05058_P058410_15SPD_FMS-30-40-50-60-70_R1.raw	P058410_176	P058410_176	P058410	176
D:\Data\PanCancer\Raw_panFFPE\Glioma\05058_P058410_15SPD_FMS-35-45-55-65-75_R1.raw	P058410_176	P058410_176	P058410	176
D:\Data\PanCancer\Raw_panFFPE\Glioma\05058_P058411_15SPD_FMS-30-40-50-60-70_R1.raw	P058411_177	P058411_177	P058411	177
D:\Data\PanCancer\Raw_panFFPE\Glioma\05058_P058411_15SPD_FMS-35-45-55-65-75_R1.raw	P058411_177	P058411_177	P058411	177
D:\Data\PanCancer\Raw_panFFPE\Glioma\05058_P058412_15SPD_FMS-30-40-50-60-70_R1.raw	P058412_178	P058412_178	P058412	178
D:\Data\PanCancer\Raw_panFFPE\Glioma\05058_P058412_15SPD_FMS-35-45-55-65-75_R1.raw	P058412_178	P058412_178	P058412	178
D:\Data\PanCancer\Raw_panFFPE\Glioma\05058_P058413_15SPD_FMS-30-40-50-60-70_R1.raw	P058413_179	P058413_179	P058413	179
D:\Data\PanCancer\Raw_panFFPE\Glioma\05058_P058413_15SPD_FMS-35-45-55-65-75_R1.raw	P058413_179	P058413_179	P058413	179
D:\Data\PanCancer\Raw_panFFPE\Glioma\05058_P058414_15SPD_FMS-30-40-50-60-70_R2.raw	P058414_180	P058414_180	P058414	180
D:\Data\PanCancer\Raw_panFFPE\Glioma\05058_P058414_15SPD_FMS-35-45-55-65-75_R2.raw	P058414_180	P058414_180	P058414	180
D:\Data\PanCancer\Raw_panFFPE\Glioma\05058_P058415_15SPD_FMS-30-40-50-60-70_R1.raw	P058415_181	P058415_181	P058415	181
D:\Data\PanCancer\Raw_panFFPE\Glioma\05058_P058415_15SPD_FMS-35-45-55-65-75_R1.raw	P058415_181	P058415_181	P058415	181
D:\Data\PanCancer\Raw_panFFPE\Glioma\05058_P058416_15SPD_FMS-30-40-50-60-70_R3.raw	P058416_182	P058416_182	P058416	182
D:\Data\PanCancer\Raw_panFFPE\Glioma\05058_P058416_15SPD_FMS-35-45-55-65-75_R3.raw	P058416_182	P058416_182	P058416	182
D:\Data\PanCancer\Raw_panFFPE\Glioma\05058_P058417_15SPD_FMS-30-40-50-60-70_R1.raw	P058417_183	P058417_183	P058417	183
D:\Data\PanCancer\Raw_panFFPE\Glioma\05058_P058417_15SPD_FMS-35-45-55-65-75_R1.raw	P058417_183	P058417_183	P058417	183
D:\Data\PanCancer\Raw_panFFPE\Glioma\05058_P058418_15SPD_FMS-30-40-50-60-70_R1.raw	P058418_184	P058418_184	P058418	184
D:\Data\PanCancer\Raw_panFFPE\Glioma\05058_P058418_15SPD_FMS-35-45-55-65-75_R1.raw	P058418_184	P058418_184	P058418	184
D:\Data\PanCancer\Raw_panFFPE\Glioma\05058_P058419_15SPD_FMS-30-40-50-60-70_R1.raw	P058419_185	P058419_185	P058419	185
D:\Data\PanCancer\Raw_panFFPE\Glioma\05058_P058419_15SPD_FMS-35-45-55-65-75_R1.raw	P058419_185	P058419_185	P058419	185
D:\Data\PanCancer\Raw_panFFPE\Glioma\05058_P058420_15SPD_FMS-30-40-50-60-70_R1.raw	P058420_186	P058420_186	P058420	186
D:\Data\PanCancer\Raw_panFFPE\Glioma\05058_P058420_15SPD_FMS-35-45-55-65-75_R1.raw	P058420_186	P058420_186	P058420	186
D:\Data\PanCancer\Raw_panFFPE\Glioma\05058_P058421_15SPD_FMS-30-40-50-60-70_R1.raw	P058421_187	P058421_187	P058421	187
D:\Data\PanCancer\Raw_panFFPE\Glioma\05058_P058421_15SPD_FMS-35-45-55-65-75_R1.raw	P058421_187	P058421_187	P058421	187
D:\Data\PanCancer\Raw_panFFPE\Glioma\05058_P058422_15SPD_FMS-30-40-50-60-70_R2.raw	P058422_188	P058422_188	P058422	188
D:\Data\PanCancer\Raw_panFFPE\Glioma\05058_P058422_15SPD_FMS-35-45-55-65-75_R2.raw	P058422_188	P058422_188	P058422	188
D:\Data\PanCancer\Raw_panFFPE\Glioma\05058_P058423_15SPD_FMS-30-40-50-60-70_R1.raw	P058423_189	P058423_189	P058423	189
D:\Data\PanCancer\Raw_panFFPE\Glioma\05058_P058423_15SPD_FMS-35-45-55-65-75_R1.raw	P058423_189	P058423_189	P058423	189
D:\Data\PanCancer\Raw_panFFPE\Glioma\05058_P058425_15SPD_FMS-30-40-50-60-70_R1.raw	P058425_190	P058425_190	P058425	190
D:\Data\PanCancer\Raw_panFFPE\Glioma\05058_P058425_15SPD_FMS-35-45-55-65-75_R1.raw	P058425_190	P058425_190	P058425	190
D:\Data\PanCancer\Raw_panFFPE\Glioma\05058_P058426_15SPD_FMS-30-40-50-60-70_R1.raw	P058426_191	P058426_191	P058426	191
D:\Data\PanCancer\Raw_panFFPE\Glioma\05058_P058426_15SPD_FMS-35-45-55-65-75_R1.raw	P058426_191	P058426_191	P058426	191
D:\Data\PanCancer\Raw_panFFPE\Glioma\05058_P058428_15SPD_FMS-30-40-50-60-70_R1.raw	P058428_192	P058428_192	P058428	192
D:\Data\PanCancer\Raw_panFFPE\Glioma\05058_P058428_15SPD_FMS-35-45-55-65-75_R1.raw	P058428_192	P058428_192	P058428	192
D:\Data\PanCancer\Raw_panFFPE\Glioma\05058_P058429_15SPD_FMS-30-40-50-60-70_R1.raw	P058429_193	P058429_193	P058429	193
D:\Data\PanCancer\Raw_panFFPE\Glioma\05058_P058429_15SPD_FMS-35-45-55-65-75_R1.raw	P058429_193	P058429_193	P058429	193
D:\Data\PanCancer\Raw_panFFPE\Glioma\05058_P058430_15SPD_FMS-30-40-50-60-70_R1.raw	P058430_194	P058430_194	P058430	194
D:\Data\PanCancer\Raw_panFFPE\Glioma\05058_P058430_15SPD_FMS-35-45-55-65-75_R1.raw	P058430_194	P058430_194	P058430	194
D:\Data\PanCancer\Raw_panFFPE\Glioma\05058_P058431_15SPD_FMS-30-40-50-60-70_R1.raw	P058431_195	P058431_195	P058431	195
D:\Data\PanCancer\Raw_panFFPE\Glioma\05058_P058431_15SPD_FMS-35-45-55-65-75_R1.raw	P058431_195	P058431_195	P058431	195
D:\Data\PanCancer\Raw_panFFPE\Glioma\05058_P058432_15SPD_FMS-30-40-50-60-70_R1.raw	P058432_196	P058432_196	P058432	196
D:\Data\PanCancer\Raw_panFFPE\Glioma\05058_P058432_15SPD_FMS-35-45-55-65-75_R1.raw	P058432_196	P058432_196	P058432	196
D:\Data\PanCancer\Raw_panFFPE\Glioma\05058_P058433_15SPD_FMS-30-40-50-60-70_R1.raw	P058433_197	P058433_197	P058433	197
D:\Data\PanCancer\Raw_panFFPE\Glioma\05058_P058433_15SPD_FMS-35-45-55-65-75_R1.raw	P058433_197	P058433_197	P058433	197
D:\Data\PanCancer\Raw_panFFPE\Glioma\05058_P058434_15SPD_FMS-30-40-50-60-70_R1.raw	P058434_198	P058434_198	P058434	198
D:\Data\PanCancer\Raw_panFFPE\Glioma\05058_P058434_15SPD_FMS-35-45-55-65-75_R1.raw	P058434_198	P058434_198	P058434	198
D:\Data\PanCancer\Raw_panFFPE\Glioma\05058_P058435_15SPD_FMS-30-40-50-60-70_R1.raw	P058435_199	P058435_199	P058435	199
D:\Data\PanCancer\Raw_panFFPE\Glioma\05058_P058435_15SPD_FMS-35-45-55-65-75_R1.raw	P058435_199	P058435_199	P058435	199
D:\Data\PanCancer\Raw_panFFPE\Glioma\05058_P058436_15SPD_FMS-30-40-50-60-70_R1.raw	P058436_200	P058436_200	P058436	200
D:\Data\PanCancer\Raw_panFFPE\Glioma\05058_P058436_15SPD_FMS-35-45-55-65-75_R1.raw	P058436_200	P058436_200	P058436	200
D:\Data\PanCancer\Raw_panFFPE\Glioma\05058_P058437_15SPD_FMS-30-40-50-60-70_R1.raw	P058437_201	P058437_201	P058437	201
D:\Data\PanCancer\Raw_panFFPE\Glioma\05058_P058437_15SPD_FMS-35-45-55-65-75_R1.raw	P058437_201	P058437_201	P058437	201
D:\Data\PanCancer\Raw_panFFPE\Glioma\05058_P058438_15SPD_FMS-30-40-50-60-70_R2.raw	P058438_202	P058438_202	P058438	202
D:\Data\PanCancer\Raw_panFFPE\Glioma\05058_P058438_15SPD_FMS-35-45-55-65-75_R2.raw	P058438_202	P058438_202	P058438	202
D:\Data\PanCancer\Raw_panFFPE\Glioma\05058_P058439_15SPD_FMS-30-40-50-60-70_R1.raw	P058439_203	P058439_203	P058439	203
D:\Data\PanCancer\Raw_panFFPE\Glioma\05058_P058439_15SPD_FMS-35-45-55-65-75_R1.raw	P058439_203	P058439_203	P058439	203
D:\Data\PanCancer\Raw_panFFPE\Glioma\05058_P058440_15SPD_FMS-30-40-50-60-70_R1.raw	P058440_204	P058440_204	P058440	204
D:\Data\PanCancer\Raw_panFFPE\Glioma\05058_P058440_15SPD_FMS-35-45-55-65-75_R1.raw	P058440_204	P058440_204	P058440	204
D:\Data\PanCancer\Raw_panFFPE\Glioma\05058_P058441_15SPD_FMS-30-40-50-60-70_R1.raw	P058441_205	P058441_205	P058441	205
D:\Data\PanCancer\Raw_panFFPE\Glioma\05058_P058441_15SPD_FMS-35-45-55-65-75_R1.raw	P058441_205	P058441_205	P058441	205
D:\Data\PanCancer\Raw_panFFPE\Glioma\05058_P058442_15SPD_FMS-30-40-50-60-70_R1.raw	P058442_206	P058442_206	P058442	206
D:\Data\PanCancer\Raw_panFFPE\Glioma\05058_P058442_15SPD_FMS-35-45-55-65-75_R1.raw	P058442_206	P058442_206	P058442	206
D:\Data\PanCancer\Raw_panFFPE\Glioma\05058_P058443_15SPD_FMS-30-40-50-60-70_R1.raw	P058443_207	P058443_207	P058443	207
D:\Data\PanCancer\Raw_panFFPE\Glioma\05058_P058443_15SPD_FMS-35-45-55-65-75_R1.raw	P058443_207	P058443_207	P058443	207
D:\Data\PanCancer\Raw_panFFPE\Glioma\05058_P058444_15SPD_FMS-30-40-50-60-70_R1.raw	P058444_208	P058444_208	P058444	208
D:\Data\PanCancer\Raw_panFFPE\Glioma\05058_P058444_15SPD_FMS-35-45-55-65-75_R1.raw	P058444_208	P058444_208	P058444	208
D:\Data\PanCancer\Raw_panFFPE\Glioma\05058_P058445_15SPD_FMS-30-40-50-60-70_R1.raw	P058445_209	P058445_209	P058445	209
D:\Data\PanCancer\Raw_panFFPE\Glioma\05058_P058445_15SPD_FMS-35-45-55-65-75_R1.raw	P058445_209	P058445_209	P058445	209
D:\Data\PanCancer\Raw_panFFPE\Glioma\05058_P058446_15SPD_FMS-30-40-50-60-70_R1.raw	P058446_210	P058446_210	P058446	210
D:\Data\PanCancer\Raw_panFFPE\Glioma\05058_P058446_15SPD_FMS-35-45-55-65-75_R1.raw	P058446_210	P058446_210	P058446	210
D:\Data\PanCancer\Raw_panFFPE\Glioma\05058_P058447_15SPD_FMS-30-40-50-60-70_R1.raw	P058447_211	P058447_211	P058447	211
D:\Data\PanCancer\Raw_panFFPE\Glioma\05058_P058447_15SPD_FMS-35-45-55-65-75_R1.raw	P058447_211	P058447_211	P058447	211
D:\Data\PanCancer\Raw_panFFPE\Glioma\05058_P058448_15SPD_FMS-30-40-50-60-70_R1.raw	P058448_212	P058448_212	P058448	212
D:\Data\PanCancer\Raw_panFFPE\Glioma\05058_P058448_15SPD_FMS-35-45-55-65-75_R1.raw	P058448_212	P058448_212	P058448	212
D:\Data\PanCancer\Raw_panFFPE\Glioma\05058_P058449_15SPD_FMS-30-40-50-60-70_R3.raw	P058449_213	P058449_213	P058449	213
D:\Data\PanCancer\Raw_panFFPE\Glioma\05058_P058449_15SPD_FMS-35-45-55-65-75_R3.raw	P058449_213	P058449_213	P058449	213
D:\Data\PanCancer\Raw_panFFPE\Glioma\05058_P058451_15SPD_FMS-30-40-50-60-70_R1.raw	P058451_214	P058451_214	P058451	214
D:\Data\PanCancer\Raw_panFFPE\Glioma\05058_P058451_15SPD_FMS-35-45-55-65-75_R1.raw	P058451_214	P058451_214	P058451	214
D:\Data\PanCancer\Raw_panFFPE\Glioma\05058_P058452_15SPD_FMS-30-40-50-60-70_R1.raw	P058452_215	P058452_215	P058452	215
D:\Data\PanCancer\Raw_panFFPE\Glioma\05058_P058452_15SPD_FMS-35-45-55-65-75_R1.raw	P058452_215	P058452_215	P058452	215
D:\Data\PanCancer\Raw_panFFPE\Glioma\05058_P058453_15SPD_FMS-30-40-50-60-70_R1.raw	P058453_216	P058453_216	P058453	216
D:\Data\PanCancer\Raw_panFFPE\Glioma\05058_P058453_15SPD_FMS-35-45-55-65-75_R1.raw	P058453_216	P058453_216	P058453	216
D:\Data\PanCancer\Raw_panFFPE\Glioma\05058_P058454_15SPD_FMS-30-40-50-60-70_R1.raw	P058454_217	P058454_217	P058454	217
D:\Data\PanCancer\Raw_panFFPE\Glioma\05058_P058454_15SPD_FMS-35-45-55-65-75_R1.raw	P058454_217	P058454_217	P058454	217
D:\Data\PanCancer\Raw_panFFPE\Glioma\05058_P058455_15SPD_FMS-30-40-50-60-70_R1.raw	P058455_218	P058455_218	P058455	218
D:\Data\PanCancer\Raw_panFFPE\Glioma\05058_P058455_15SPD_FMS-35-45-55-65-75_R1.raw	P058455_218	P058455_218	P058455	218
D:\Data\PanCancer\Raw_panFFPE\Glioma\05058_P058456_15SPD_FMS-30-40-50-60-70_R1.raw	P058456_219	P058456_219	P058456	219
D:\Data\PanCancer\Raw_panFFPE\Glioma\05058_P058456_15SPD_FMS-35-45-55-65-75_R1.raw	P058456_219	P058456_219	P058456	219
D:\Data\PanCancer\Raw_panFFPE\Glioma\05058_P058457_15SPD_FMS-30-40-50-60-70_R1.raw	P058457_220	P058457_220	P058457	220
D:\Data\PanCancer\Raw_panFFPE\Glioma\05058_P058457_15SPD_FMS-35-45-55-65-75_R1.raw	P058457_220	P058457_220	P058457	220
D:\Data\PanCancer\Raw_panFFPE\Glioma\05058_P058458_15SPD_FMS-30-40-50-60-70_R1.raw	P058458_221	P058458_221	P058458	221
D:\Data\PanCancer\Raw_panFFPE\Glioma\05058_P058458_15SPD_FMS-35-45-55-65-75_R1.raw	P058458_221	P058458_221	P058458	221
D:\Data\PanCancer\Raw_panFFPE\Glioma\05058_P058459_15SPD_FMS-30-40-50-60-70_R1.raw	P058459_222	P058459_222	P058459	222
D:\Data\PanCancer\Raw_panFFPE\Glioma\05058_P058459_15SPD_FMS-35-45-55-65-75_R1.raw	P058459_222	P058459_222	P058459	222
D:\Data\PanCancer\Raw_panFFPE\Glioma\05058_P058460_15SPD_FMS-30-40-50-60-70_R2.raw	P058460_223	P058460_223	P058460	223
D:\Data\PanCancer\Raw_panFFPE\Glioma\05058_P058460_15SPD_FMS-35-45-55-65-75_R2.raw	P058460_223	P058460_223	P058460	223
D:\Data\PanCancer\Raw_panFFPE\Glioma\05058_P058461_15SPD_FMS-30-40-50-60-70_R1.raw	P058461_224	P058461_224	P058461	224
D:\Data\PanCancer\Raw_panFFPE\Glioma\05058_P058461_15SPD_FMS-35-45-55-65-75_R1.raw	P058461_224	P058461_224	P058461	224
D:\Data\PanCancer\Raw_panFFPE\Glioma\05058_P058462_15SPD_FMS-30-40-50-60-70_R1.raw	P058462_225	P058462_225	P058462	225
D:\Data\PanCancer\Raw_panFFPE\Glioma\05058_P058462_15SPD_FMS-35-45-55-65-75_R1.raw	P058462_225	P058462_225	P058462	225
D:\Data\PanCancer\Raw_panFFPE\Glioma\05058_P058463_15SPD_FMS-30-40-50-60-70_R1.raw	P058463_226	P058463_226	P058463	226
D:\Data\PanCancer\Raw_panFFPE\Glioma\05058_P058463_15SPD_FMS-35-45-55-65-75_R1.raw	P058463_226	P058463_226	P058463	226
D:\Data\PanCancer\Raw_panFFPE\Glioma\05058_P058464_15SPD_FMS-30-40-50-60-70_R1.raw	P058464_227	P058464_227	P058464	227
D:\Data\PanCancer\Raw_panFFPE\Glioma\05058_P058464_15SPD_FMS-35-45-55-65-75_R1.raw	P058464_227	P058464_227	P058464	227
D:\Data\PanCancer\Raw_panFFPE\Glioma\05058_P058465_15SPD_FMS-30-40-50-60-70_R1.raw	P058465_228	P058465_228	P058465	228
D:\Data\PanCancer\Raw_panFFPE\Glioma\05058_P058465_15SPD_FMS-35-45-55-65-75_R1.raw	P058465_228	P058465_228	P058465	228
D:\Data\PanCancer\Raw_panFFPE\Glioma\05058_P058466_15SPD_FMS-30-40-50-60-70_R1.raw	P058466_229	P058466_229	P058466	229
D:\Data\PanCancer\Raw_panFFPE\Glioma\05058_P058466_15SPD_FMS-35-45-55-65-75_R1.raw	P058466_229	P058466_229	P058466	229
D:\Data\PanCancer\Raw_panFFPE\Glioma\05058_P058467_15SPD_FMS-30-40-50-60-70_R1.raw	P058467_230	P058467_230	P058467	230
D:\Data\PanCancer\Raw_panFFPE\Glioma\05058_P058467_15SPD_FMS-35-45-55-65-75_R1.raw	P058467_230	P058467_230	P058467	230
D:\Data\PanCancer\Raw_panFFPE\Glioma\05058_P058468_15SPD_FMS-30-40-50-60-70_R1.raw	P058468_231	P058468_231	P058468	231
D:\Data\PanCancer\Raw_panFFPE\Glioma\05058_P058468_15SPD_FMS-35-45-55-65-75_R1.raw	P058468_231	P058468_231	P058468	231
D:\Data\PanCancer\Raw_panFFPE\Glioma\05058_P058469_15SPD_FMS-30-40-50-60-70_R1.raw	P058469_232	P058469_232	P058469	232
D:\Data\PanCancer\Raw_panFFPE\Glioma\05058_P058469_15SPD_FMS-35-45-55-65-75_R1.raw	P058469_232	P058469_232	P058469	232
D:\Data\PanCancer\Raw_panFFPE\Glioma\05058_P058471_15SPD_FMS-30-40-50-60-70_R3.raw	P058471_233	P058471_233	P058471	233
D:\Data\PanCancer\Raw_panFFPE\Glioma\05058_P058471_15SPD_FMS-35-45-55-65-75_R3.raw	P058471_233	P058471_233	P058471	233
D:\Data\PanCancer\Raw_panFFPE\Glioma\05058_P060462_15SPD_FMS-30-40-50-60-70_R1.raw	P060462_234	P060462_234	P060462	234
D:\Data\PanCancer\Raw_panFFPE\Glioma\05058_P060462_15SPD_FMS-35-45-55-65-75_R1.raw	P060462_234	P060462_234	P060462	234
D:\Data\PanCancer\Raw_panFFPE\Glioma\05058_P060466_15SPD_FMS-30-40-50-60-70_R1.raw	P060466_235	P060466_235	P060466	235
D:\Data\PanCancer\Raw_panFFPE\Glioma\05058_P060466_15SPD_FMS-35-45-55-65-75_R1.raw	P060466_235	P060466_235	P060466	235
D:\Data\PanCancer\Raw_panFFPE\Glioma\05058_P060471_15SPD_FMS-30-40-50-60-70_R1.raw	P060471_236	P060471_236	P060471	236
D:\Data\PanCancer\Raw_panFFPE\Glioma\05058_P060471_15SPD_FMS-35-45-55-65-75_R1.raw	P060471_236	P060471_236	P060471	236
D:\Data\PanCancer\Raw_panFFPE\Glioma\05058_P060473_15SPD_FMS-30-40-50-60-70_R1.raw	P060473_237	P060473_237	P060473	237
D:\Data\PanCancer\Raw_panFFPE\Glioma\05058_P060473_15SPD_FMS-35-45-55-65-75_R1.raw	P060473_237	P060473_237	P060473	237
D:\Data\PanCancer\Raw_panFFPE\Glioma\05058_P060486_15SPD_FMS-30-40-50-60-70_R1.raw	P060486_238	P060486_238	P060486	238
D:\Data\PanCancer\Raw_panFFPE\Glioma\05058_P060486_15SPD_FMS-35-45-55-65-75_R1.raw	P060486_238	P060486_238	P060486	238
D:\Data\PanCancer\Raw_panFFPE\Glioma\05058_P060487_15SPD_FMS-30-40-50-60-70_R1.raw	P060487_239	P060487_239	P060487	239
D:\Data\PanCancer\Raw_panFFPE\Glioma\05058_P060487_15SPD_FMS-35-45-55-65-75_R1.raw	P060487_239	P060487_239	P060487	239
D:\Data\PanCancer\Raw_panFFPE\Glioma\05058_P060490_15SPD_FMS-30-40-50-60-70_R1.raw	P060490_240	P060490_240	P060490	240
D:\Data\PanCancer\Raw_panFFPE\Glioma\05058_P060490_15SPD_FMS-35-45-55-65-75_R1.raw	P060490_240	P060490_240	P060490	240
D:\Data\PanCancer\Raw_panFFPE\Glioma\05058_P060492_15SPD_FMS-30-40-50-60-70_R1.raw	P060492_241	P060492_241	P060492	241
D:\Data\PanCancer\Raw_panFFPE\Glioma\05058_P060492_15SPD_FMS-35-45-55-65-75_R1.raw	P060492_241	P060492_241	P060492	241
D:\Data\PanCancer\Raw_panFFPE\Glioma\05058_P060498_15SPD_FMS-30-40-50-60-70_R1.raw	P060498_242	P060498_242	P060498	242
D:\Data\PanCancer\Raw_panFFPE\Glioma\05058_P060498_15SPD_FMS-35-45-55-65-75_R1.raw	P060498_242	P060498_242	P060498	242
D:\Data\PanCancer\Raw_panFFPE\Glioma\05058_P060500_15SPD_FMS-30-40-50-60-70_R1.raw	P060500_243	P060500_243	P060500	243
D:\Data\PanCancer\Raw_panFFPE\Glioma\05058_P060500_15SPD_FMS-35-45-55-65-75_R1.raw	P060500_243	P060500_243	P060500	243
D:\Data\PanCancer\Raw_panFFPE\Glioma\05058_P060502_15SPD_FMS-30-40-50-60-70_R1.raw	P060502_244	P060502_244	P060502	244
D:\Data\PanCancer\Raw_panFFPE\Glioma\05058_P060502_15SPD_FMS-35-45-55-65-75_R1.raw	P060502_244	P060502_244	P060502	244
D:\Data\PanCancer\Raw_panFFPE\Glioma\05058_P060504_15SPD_FMS-30-40-50-60-70_R1.raw	P060504_245	P060504_245	P060504	245
D:\Data\PanCancer\Raw_panFFPE\Glioma\05058_P060504_15SPD_FMS-35-45-55-65-75_R1.raw	P060504_245	P060504_245	P060504	245
D:\Data\PanCancer\Raw_panFFPE\Glioma\05058_P060505_15SPD_FMS-30-40-50-60-70_R1.raw	P060505_246	P060505_246	P060505	246
D:\Data\PanCancer\Raw_panFFPE\Glioma\05058_P060505_15SPD_FMS-35-45-55-65-75_R1.raw	P060505_246	P060505_246	P060505	246
